{"cameraMode":{"drawMode":0,"name":"Shaded","section":"Shading Mode"},"sceneLighting":false,"audioPlay":false,"sceneViewState":{"showFog":true,"showMaterialUpdate":false,"showSkybox":true,"showFlares":true,"showImageEffects":true,"showParticleSystems":true},"in2DMode":false,"pivot":{"x":30.9521484375,"y":4.992742538452148,"z":5.587599754333496},"rotation":{"x":-0.018290825188159944,"y":-0.04438062757253647,"z":0.0008128557819873095,"w":-0.9988492131233215},"size":5.772342681884766,"orthographic":false}