{"cameraMode":{"drawMode":0,"name":"Shaded","section":"Shading Mode"},"sceneLighting":false,"audioPlay":false,"sceneViewState":{"showFog":true,"showMaterialUpdate":false,"showSkybox":false,"showFlares":true,"showImageEffects":true,"showParticleSystems":true},"in2DMode":false,"pivot":{"x":-24.448482513427736,"y":13.773536682128907,"z":22.732181549072267},"rotation":{"x":-0.18320518732070924,"y":0.13401944935321809,"z":-0.02521851472556591,"w":-0.9735893607139587},"size":0.7627408504486084,"orthographic":false}