{"cameraMode":{"drawMode":0,"name":"Shaded","section":"Shading Mode"},"sceneLighting":false,"audioPlay":false,"sceneViewState":{"showFog":true,"showMaterialUpdate":false,"showSkybox":false,"showFlares":true,"showImageEffects":true,"showParticleSystems":true},"in2DMode":false,"pivot":{"x":-2.763336181640625,"y":10.67123794555664,"z":-9.555862426757813},"rotation":{"x":-0.49213501811027529,"y":0.001799349789507687,"z":-0.001068850513547659,"w":-0.87060546875},"size":0.7920823097229004,"orthographic":false}