{"cameraMode":{"drawMode":0,"name":"Shaded","section":"Shading Mode"},"sceneLighting":false,"audioPlay":false,"sceneViewState":{"showFog":true,"showMaterialUpdate":false,"showSkybox":false,"showFlares":true,"showImageEffects":true,"showParticleSystems":true},"in2DMode":false,"pivot":{"x":-36.30904006958008,"y":23.608774185180665,"z":7.308208465576172},"rotation":{"x":-0.268184095621109,"y":-0.0008807277772575617,"z":0.00022135235485620797,"w":-0.963403046131134},"size":0.8660253882408142,"orthographic":false}