{"cameraMode":{"drawMode":0,"name":"Shaded","section":"Shading Mode"},"sceneLighting":false,"audioPlay":false,"sceneViewState":{"showFog":true,"showMaterialUpdate":false,"showSkybox":false,"showFlares":true,"showImageEffects":true,"showParticleSystems":true},"in2DMode":false,"pivot":{"x":462.81500244140627,"y":10.412479400634766,"z":27.21700096130371},"rotation":{"x":-0.11200954765081406,"y":0.0673162043094635,"z":-0.007615388371050358,"w":-0.9914288520812988},"size":1.8201969861984254,"orthographic":false}