{"cameraMode":{"drawMode":0,"name":"Shaded","section":"Shading Mode"},"sceneLighting":false,"audioPlay":false,"sceneViewState":{"showFog":true,"showMaterialUpdate":false,"showSkybox":false,"showFlares":true,"showImageEffects":true,"showParticleSystems":true},"in2DMode":false,"pivot":{"x":38.920753479003909,"y":9.883682250976563,"z":2.43155574798584},"rotation":{"x":0.07086429744958878,"y":-0.6892071962356567,"z":0.06804268807172775,"w":0.717910647392273},"size":1.5194213390350342,"orthographic":false}