{"cameraMode":{"drawMode":0,"name":"Shaded","section":"Shading Mode"},"sceneLighting":false,"audioPlay":false,"sceneViewState":{"showFog":true,"showMaterialUpdate":false,"showSkybox":false,"showFlares":true,"showImageEffects":true,"showParticleSystems":true},"in2DMode":false,"pivot":{"x":2.630575180053711,"y":1.7108889818191529,"z":-1.2540364265441895},"rotation":{"x":0.08046581596136093,"y":-0.6169812083244324,"z":0.06386661529541016,"w":0.7803949117660523},"size":0.9415282607078552,"orthographic":false}