{"cameraMode":{"drawMode":0,"name":"Shaded","section":"Shading Mode"},"sceneLighting":false,"audioPlay":false,"sceneViewState":{"showFog":true,"showMaterialUpdate":false,"showSkybox":false,"showFlares":true,"showImageEffects":true,"showParticleSystems":true},"in2DMode":false,"pivot":{"x":9.527432441711426,"y":9.183612823486329,"z":3.847210168838501},"rotation":{"x":0.008437407203018666,"y":-0.9824671149253845,"z":0.1806182563304901,"w":0.046008285135030749},"size":0.8136221766471863,"orthographic":false}