{"cameraMode":{"drawMode":0,"name":"Shaded","section":"Shading Mode"},"sceneLighting":false,"audioPlay":false,"sceneViewState":{"showFog":true,"showMaterialUpdate":false,"showSkybox":false,"showFlares":true,"showImageEffects":true,"showParticleSystems":true},"in2DMode":false,"pivot":{"x":-23.729999542236329,"y":9.880000114440918,"z":27.360000610351564},"rotation":{"x":-0.23419633507728578,"y":-0.009629321284592152,"z":0.002329105045646429,"w":-0.9721670746803284},"size":0.4330126941204071,"orthographic":false}