{"cameraMode":{"drawMode":0,"name":"Shaded","section":"Shading Mode"},"sceneLighting":false,"audioPlay":false,"sceneViewState":{"showFog":false,"showMaterialUpdate":false,"showSkybox":false,"showFlares":false,"showImageEffects":false,"showParticleSystems":false},"in2DMode":false,"pivot":{"x":-23.359237670898439,"y":9.839259147644043,"z":34.0838623046875},"rotation":{"x":-0.009588665328919888,"y":-0.055477168411016467,"z":-0.000524212431628257,"w":0.998508870601654},"size":4.015594482421875,"orthographic":false}