{"cameraMode":{"drawMode":0,"name":"Shaded","section":"Shading Mode"},"sceneLighting":false,"audioPlay":false,"sceneViewState":{"showFog":true,"showMaterialUpdate":false,"showSkybox":false,"showFlares":true,"showImageEffects":true,"showParticleSystems":true},"in2DMode":false,"pivot":{"x":-21.63422393798828,"y":10.388204574584961,"z":27.748430252075197},"rotation":{"x":-0.35031676292419436,"y":-0.0036562352906912567,"z":0.0013775939587503672,"w":-0.9366663098335266},"size":0.4330126941204071,"orthographic":false}